mean_distance_train,min_distance_train,max_distance_train
4.03244730328664,3.1622776601683795,4.47213595499958
