Model,Train Data,Accuracy,F1 Score,AUC
Logistic Regression,Real,0.864,0.6263736263736264,0.9022235759975632
Random Forest,Real,0.854,0.6054054054054054,0.9015889938064778
XGBoost,Real,0.84,0.6116504854368932,0.8950908721697635
Logistic Regression,Synthetic,0.786,0.08547008547008547,0.4947202761701696
Random Forest,Synthetic,0.802,0.10810810810810811,0.4999238501370698
XGBoost,Synthetic,0.798,0.056074766355140186,0.5838029241547366
