attack_accuracy,attack_auc,mean_distance_train,min_distance_train,max_distance_train
0.6666666666666666,0.5214599999999999,4.03244730328664,3.1622776601683795,4.47213595499958
