Model,Train Data,Accuracy,F1 Score,AUC
Logistic Regression,Real,0.852,0.5747126436781609,0.8781221443801401
Random Forest,Real,0.834,0.5699481865284974,0.8520281246827089
XGBoost,Real,0.84,0.574468085106383,0.8713955731546349
Logistic Regression,Synthetic,0.424,0.31100478468899523,0.4850111686465631
Random Forest,Synthetic,0.41,0.3187066974595843,0.47322063153619653
XGBoost,Synthetic,0.428,0.3222748815165877,0.5019545131485429
