Model,Train Data,Accuracy,F1 Score,AUC
Logistic Regression,Real,0.852,0.5747126436781609,0.8781221443801401
Random Forest,Real,0.834,0.5699481865284974,0.8520281246827089
XGBoost,Real,0.84,0.574468085106383,0.8713955731546349
Logistic Regression,Synthetic,0.75,0.4769874476987448,0.8111610315768099
Random Forest,Synthetic,0.786,0.4928909952606635,0.8374835008630319
XGBoost,Synthetic,0.772,0.5128205128205128,0.809028835414763
