{
    "correlation_difference_norm": {
        "mean": 5.838166845777542,
        "std": 0.06161948079941096,
        "min": 5.760752836463728,
        "max": 5.911525603527965
    },
    "pmse_score": {
        "mean": 0.23790664003721196,
        "std": 0.008358218781816244,
        "min": 0.22624056985800503,
        "max": 0.24538795809324537
    }
}