{
    "baseline": {
        "Logistic Regression": {
            "mean": 0.7215000000000001,
            "std": 1.1102230246251565e-16,
            "min": 0.7215,
            "max": 0.7215
        },
        "Random Forest": {
            "mean": 0.8045,
            "std": 0.0,
            "min": 0.8045,
            "max": 0.8045
        },
        "Neural Network": {
            "mean": 0.775,
            "std": 0.0,
            "min": 0.775,
            "max": 0.775
        }
    },
    "tstr": {
        "Logistic Regression": {
            "mean": 0.451,
            "std": 0.02698147512646409,
            "min": 0.413,
            "max": 0.473
        },
        "Random Forest": {
            "mean": 0.46199999999999997,
            "std": 0.013533908033774513,
            "min": 0.443,
            "max": 0.4735
        },
        "Neural Network": {
            "mean": 0.3958333333333333,
            "std": 0.034718710933571394,
            "min": 0.35,
            "max": 0.434
        }
    },
    "retention": {
        "Logistic Regression": {
            "mean": 62.5086625086625,
            "std": 3.7396361921641113,
            "min": 57.24185724185724,
            "max": 65.55786555786554
        },
        "Random Forest": {
            "mean": 57.42697327532628,
            "std": 1.682275703390246,
            "min": 55.0652579241765,
            "max": 58.85643256681168
        },
        "Neural Network": {
            "mean": 51.0752688172043,
            "std": 4.4798336688479194,
            "min": 45.16129032258064,
            "max": 55.99999999999999
        }
    }
}