{
    "exact_matches": {
        "mean": 0.0,
        "std": 0.0,
        "min": 0.0,
        "max": 0.0
    },
    "exact_matches_percentage": {
        "mean": 0.0,
        "std": 0.0,
        "min": 0.0,
        "max": 0.0
    },
    "dcr_stats": {
        "mean": {
            "mean": 0.8329105774561564,
            "std": 0.0024955105759421024,
            "min": 0.8301001191139221,
            "max": 0.8361644148826599
        },
        "min": {
            "mean": 0.8228417038917542,
            "std": 0.0008831332419574824,
            "min": 0.8216025233268738,
            "max": 0.8235962390899658
        },
        "max": {
            "mean": 0.8490758140881857,
            "std": 0.0030347869638533385,
            "min": 0.8461478352546692,
            "max": 0.8532573580741882
        }
    }
}