{
    "exact_matches": 0,
    "exact_matches_percentage": 0.0,
    "dcr_stats": {
        "mean": 0.8361644148826599,
        "min": 0.8233263492584229,
        "max": 0.8532573580741882
    }
}