{
    "exact_matches": 0,
    "exact_matches_percentage": 0.0,
    "dcr_stats": {
        "mean": 0.8301001191139221,
        "min": 0.8216025233268738,
        "max": 0.8461478352546692
    }
}