{
    "exact_matches": 0,
    "exact_matches_percentage": 0.0,
    "dcr_stats": {
        "mean": 0.8324671983718872,
        "min": 0.8235962390899658,
        "max": 0.8478222489356995
    }
}