{
    "correlation_difference_norm": 5.911525603527965,
    "pmse_score": 0.22624056985800503
}