{
    "correlation_difference_norm": 5.842222097340936,
    "pmse_score": 0.24538795809324537
}