{
    "correlation_difference_norm": 5.760752836463728,
    "pmse_score": 0.24209139216038542
}