{
    "exact_matches": {
        "mean": 0.0,
        "std": 0.0,
        "min": 0.0,
        "max": 0.0
    },
    "exact_matches_percentage": {
        "mean": 0.0,
        "std": 0.0,
        "min": 0.0,
        "max": 0.0
    },
    "dcr_stats": {
        "mean": {
            "mean": 0.8391585946083069,
            "std": 0.008329135156893812,
            "min": 0.8327099680900574,
            "max": 0.8509194850921631
        },
        "min": {
            "mean": 0.8270832101504008,
            "std": 0.0018959695321840496,
            "min": 0.824471652507782,
            "max": 0.8289151787757874
        },
        "max": {
            "mean": 0.8574784199396769,
            "std": 0.011209154217403152,
            "min": 0.8494434356689453,
            "max": 0.8733300566673279
        }
    }
}