{
    "correlation_difference_norm": {
        "mean": 5.368699738982033,
        "std": 0.04013960258566867,
        "min": 5.314628218609128,
        "max": 5.410701612793105
    },
    "pmse_score": {
        "mean": 0.24965222666764755,
        "std": 0.0004541567918975691,
        "min": 0.2490099598857587,
        "max": 0.24997612105508454
    }
}