{
    "baseline": {
        "Logistic Regression": {
            "mean": 0.7215000000000001,
            "std": 1.1102230246251565e-16,
            "min": 0.7215,
            "max": 0.7215
        },
        "Random Forest": {
            "mean": 0.8045,
            "std": 0.0,
            "min": 0.8045,
            "max": 0.8045
        },
        "Neural Network": {
            "mean": 0.775,
            "std": 0.0,
            "min": 0.775,
            "max": 0.775
        }
    },
    "tstr": {
        "Logistic Regression": {
            "mean": 0.29950000000000004,
            "std": 0.1883573730969935,
            "min": 0.044,
            "max": 0.4925
        },
        "Random Forest": {
            "mean": 0.28683333333333333,
            "std": 0.20599608949902154,
            "min": 0.0055,
            "max": 0.493
        },
        "Neural Network": {
            "mean": 0.28683333333333333,
            "std": 0.20599608949902154,
            "min": 0.0055,
            "max": 0.493
        }
    },
    "retention": {
        "Logistic Regression": {
            "mean": 41.51074151074151,
            "std": 26.10635801760131,
            "min": 6.098406098406098,
            "max": 68.26056826056825
        },
        "Random Forest": {
            "mean": 35.65361508183136,
            "std": 25.605480360350718,
            "min": 0.6836544437538844,
            "max": 61.2802983219391
        },
        "Neural Network": {
            "mean": 37.01075268817204,
            "std": 26.580140580518908,
            "min": 0.7096774193548386,
            "max": 63.61290322580645
        }
    }
}