{
    "exact_matches": 0,
    "exact_matches_percentage": 0.0,
    "dcr_stats": {
        "mean": 0.8509194850921631,
        "min": 0.8289151787757874,
        "max": 0.8733300566673279
    }
}