{
    "exact_matches": 0,
    "exact_matches_percentage": 0.0,
    "dcr_stats": {
        "mean": 0.8327099680900574,
        "min": 0.824471652507782,
        "max": 0.8496617674827576
    }
}