{
    "exact_matches": 0,
    "exact_matches_percentage": 0.0,
    "dcr_stats": {
        "mean": 0.8338463306427002,
        "min": 0.8278627991676331,
        "max": 0.8494434356689453
    }
}