{
    "correlation_difference_norm": 5.410701612793105,
    "pmse_score": 0.2490099598857587
}