{
    "correlation_difference_norm": 5.380769385543867,
    "pmse_score": 0.24997612105508454
}