{
    "correlation_difference_norm": 5.314628218609128,
    "pmse_score": 0.24997059906209942
}