Model,Train Data,Accuracy,F1 Score,AUC
Logistic Regression,Real,0.864,0.6263736263736264,0.9022235759975632
Random Forest,Real,0.854,0.6054054054054054,0.9015889938064778
XGBoost,Real,0.84,0.6116504854368932,0.8950908721697635
Logistic Regression,Synthetic,0.48,0.1875,0.38973499847700277
Random Forest,Synthetic,0.384,0.24878048780487805,0.3891384912173825
XGBoost,Synthetic,0.298,0.26105263157894737,0.4201061021423495
