{
    "pmse_score": {
        "mean": 0.20141761236901393,
        "std": 0.003229856628666589,
        "min": 0.19729932650456694,
        "max": 0.20518782277992853
    },
    "correlation_difference_norm": {
        "mean": 4.241802014562814,
        "std": 0.11772366073589978,
        "min": 4.128837195377005,
        "max": 4.404197136637884
    }
}