{
    "exact_matches": {
        "mean": 0.0,
        "std": 0.0,
        "min": 0.0,
        "max": 0.0
    },
    "dcr_stats": {
        "mean": {
            "mean": 0.08469697336355846,
            "std": 0.0029691572772550436,
            "min": 0.08054545521736145,
            "max": 0.08731818199157715
        },
        "min": {
            "mean": 0.0060606058686971664,
            "std": 0.008570991015709507,
            "min": 0.0,
            "max": 0.0181818176060915
        },
        "max": {
            "mean": 0.21212121347586313,
            "std": 0.017141980275300325,
            "min": 0.20000000298023224,
            "max": 0.23636363446712494
        }
    },
    "exact_matches_percentage": {
        "mean": 0.0,
        "std": 0.0,
        "min": 0.0,
        "max": 0.0
    }
}