{
    "retention": {
        "Logistic Regression": {
            "mean": 67.22106722106722,
            "std": 6.960432171581275,
            "min": 58.62785862785862,
            "max": 75.67567567567568
        },
        "Random Forest": {
            "mean": 66.50093225605967,
            "std": 4.984446900127633,
            "min": 61.2802983219391,
            "max": 73.21317588564325
        },
        "Neural Network": {
            "mean": 64.21505376344085,
            "std": 4.926468210354483,
            "min": 58.258064516129025,
            "max": 70.3225806451613
        }
    },
    "baseline": {
        "Logistic Regression": {
            "mean": 0.7215000000000001,
            "std": 1.1102230246251565e-16,
            "min": 0.7215,
            "max": 0.7215
        },
        "Random Forest": {
            "mean": 0.8045,
            "std": 0.0,
            "min": 0.8045,
            "max": 0.8045
        },
        "Neural Network": {
            "mean": 0.775,
            "std": 0.0,
            "min": 0.775,
            "max": 0.775
        }
    },
    "tstr": {
        "Logistic Regression": {
            "mean": 0.48500000000000004,
            "std": 0.0502195181179589,
            "min": 0.423,
            "max": 0.546
        },
        "Random Forest": {
            "mean": 0.535,
            "std": 0.04009987531152683,
            "min": 0.493,
            "max": 0.589
        },
        "Neural Network": {
            "mean": 0.49766666666666665,
            "std": 0.038180128630247216,
            "min": 0.4515,
            "max": 0.545
        }
    }
}