{
    "exact_matches": 0,
    "exact_matches_percentage": 0.0,
    "dcr_stats": {
        "mean": 0.08054545521736145,
        "min": 0.0181818176060915,
        "max": 0.20000000298023224
    }
}