{
    "exact_matches": 0,
    "exact_matches_percentage": 0.0,
    "dcr_stats": {
        "mean": 0.08731818199157715,
        "min": 0.0,
        "max": 0.23636363446712494
    }
}