{
    "correlation_difference_norm": 4.128837195377005,
    "pmse_score": 0.20518782277992853
}