{
    "correlation_difference_norm": 4.404197136637884,
    "pmse_score": 0.20176568782254634
}