{
    "correlation_difference_norm": 4.192371711673551,
    "pmse_score": 0.19729932650456694
}