{
    "retention": {
        "Logistic Regression": {
            "mean": 67.35966735966737,
            "std": 2.5203384979414793,
            "min": 64.58766458766459,
            "max": 70.68607068607068
        },
        "Random Forest": {
            "mean": 67.61963952765693,
            "std": 1.7453828274145908,
            "min": 65.32007458048477,
            "max": 69.54630205096333
        },
        "Neural Network": {
            "mean": 60.258064516129025,
            "std": 1.5348873875316547,
            "min": 58.19354838709677,
            "max": 61.87096774193548
        }
    },
    "baseline": {
        "Logistic Regression": {
            "mean": 0.7215000000000001,
            "std": 1.1102230246251565e-16,
            "min": 0.7215,
            "max": 0.7215
        },
        "Random Forest": {
            "mean": 0.8045,
            "std": 0.0,
            "min": 0.8045,
            "max": 0.8045
        },
        "Neural Network": {
            "mean": 0.775,
            "std": 0.0,
            "min": 0.775,
            "max": 0.775
        }
    },
    "tstr": {
        "Logistic Regression": {
            "mean": 0.486,
            "std": 0.018184242262647803,
            "min": 0.466,
            "max": 0.51
        },
        "Random Forest": {
            "mean": 0.544,
            "std": 0.014041604846550381,
            "min": 0.5255,
            "max": 0.5595
        },
        "Neural Network": {
            "mean": 0.467,
            "std": 0.011895377253370306,
            "min": 0.451,
            "max": 0.4795
        }
    }
}