{
    "exact_matches": {
        "mean": 0.0,
        "std": 0.0,
        "min": 0.0,
        "max": 0.0
    },
    "dcr_stats": {
        "mean": {
            "mean": 0.07243181765079498,
            "std": 0.00021400883523786324,
            "min": 0.0721818134188652,
            "max": 0.07270454615354538
        },
        "min": {
            "mean": 0.0,
            "std": 0.0,
            "min": 0.0,
            "max": 0.0
        },
        "max": {
            "mean": 0.15151514609654745,
            "std": 0.008570990137650163,
            "min": 0.145454540848732,
            "max": 0.16363635659217834
        }
    },
    "exact_matches_percentage": {
        "mean": 0.0,
        "std": 0.0,
        "min": 0.0,
        "max": 0.0
    }
}