{
    "pmse_score": {
        "mean": 0.1839548899619913,
        "std": 9.293658427779705e-05,
        "min": 0.18382354553198427,
        "max": 0.18402472073148343
    },
    "correlation_difference_norm": {
        "mean": 3.460908810864149,
        "std": 0.20745133307862812,
        "min": 3.2186425861073933,
        "max": 3.7253401809106914
    }
}