{
    "exact_matches": 0,
    "exact_matches_percentage": 0.0,
    "dcr_stats": {
        "mean": 0.0721818134188652,
        "min": 0.0,
        "max": 0.145454540848732
    }
}