{
    "exact_matches": 0,
    "exact_matches_percentage": 0.0,
    "dcr_stats": {
        "mean": 0.07270454615354538,
        "min": 0.0,
        "max": 0.16363635659217834
    }
}