{
    "correlation_difference_norm": 3.2186425861073933,
    "pmse_score": 0.18402472073148343
}