{
    "correlation_difference_norm": 3.7253401809106914,
    "pmse_score": 0.18382354553198427
}