{
    "correlation_difference_norm": 3.438743665574362,
    "pmse_score": 0.18401640362250615
}