Model,Train Data,Accuracy,F1 Score,AUC
Logistic Regression,Real,0.852,0.5747126436781609,0.8781221443801401
Random Forest,Real,0.834,0.5699481865284974,0.8520281246827089
XGBoost,Real,0.84,0.574468085106383,0.8713955731546349
Logistic Regression,Synthetic,0.808,0.38461538461538464,0.8186491014316175
Random Forest,Synthetic,0.802,0.2978723404255319,0.8019215148746066
XGBoost,Synthetic,0.768,0.30952380952380953,0.7769951264087724
