mean_distance_train,min_distance_train,max_distance_train
4.051449033031681,3.4641016151377544,4.47213595499958
