Model,Train Data,Accuracy,F1 Score,AUC
Logistic Regression,Real,0.864,0.6263736263736264,0.9022235759975632
Random Forest,Real,0.854,0.6054054054054054,0.9015889938064778
XGBoost,Real,0.84,0.6116504854368932,0.8950908721697635
Logistic Regression,Synthetic,0.566,0.26440677966101694,0.46420956442278405
Random Forest,Synthetic,0.704,0.05128205128205128,0.3822215453345517
XGBoost,Synthetic,0.526,0.024691358024691357,0.28476241242765765
