attack_accuracy,attack_auc,mean_distance_train,min_distance_train,max_distance_train
0.6666666666666666,0.510212,4.051449033031681,3.4641016151377544,4.47213595499958
