mean_distance_train,min_distance_train,max_distance_train
4.013830194047998,3.4641016151377544,4.47213595499958
