Model,Train Data,Accuracy,F1 Score,AUC
Logistic Regression,Real,0.864,0.6263736263736264,0.9022235759975632
Random Forest,Real,0.854,0.6054054054054054,0.9015889938064778
XGBoost,Real,0.84,0.6116504854368932,0.8950908721697635
Logistic Regression,Synthetic,0.326,0.27213822894168466,0.3779571530104579
Random Forest,Synthetic,0.2,0.3150684931506849,0.4878160219311605
XGBoost,Synthetic,0.224,0.3192982456140351,0.509645649304498
