Model,Train Data,Accuracy,F1 Score,AUC
Logistic Regression,Real,0.852,0.5747126436781609,0.8781221443801401
Random Forest,Real,0.834,0.5699481865284974,0.8520281246827089
XGBoost,Real,0.84,0.574468085106383,0.8713955731546349
Logistic Regression,Synthetic,0.792,0.2,0.7810564524317191
Random Forest,Synthetic,0.8,0.038461538461538464,0.7829855822926185
XGBoost,Synthetic,0.78,0.4387755102040816,0.7734033912072291
