attack_accuracy,attack_auc,mean_distance_train,min_distance_train,max_distance_train
0.672,0.590637,2.6839040383192643,1.4142135623730951,3.4641016151377544
