{
    "pmse_score": {
        "mean": 0.18205424887647523,
        "std": 0.0001016745131864406,
        "min": 0.18197055998569228,
        "max": 0.18219735381325985
    },
    "correlation_difference_norm": {
        "mean": 0.7993935382314423,
        "std": 0.0321032730071038,
        "min": 0.7646152570964655,
        "max": 0.8420568469875249
    }
}