{
    "baseline": {
        "Logistic Regression": {
            "mean": 0.8515,
            "std": 0.0,
            "min": 0.8515,
            "max": 0.8515
        },
        "Random Forest": {
            "mean": 0.8450000000000001,
            "std": 1.1102230246251565e-16,
            "min": 0.845,
            "max": 0.845
        },
        "Neural Network": {
            "mean": 0.827,
            "std": 0.0,
            "min": 0.827,
            "max": 0.827
        }
    },
    "retention": {
        "Logistic Regression": {
            "mean": 94.0692894891368,
            "std": 0.9431813508050008,
            "min": 92.83617146212565,
            "max": 95.12624779800353
        },
        "Random Forest": {
            "mean": 94.6153846153846,
            "std": 0.754679545156175,
            "min": 93.55029585798816,
            "max": 95.20710059171597
        },
        "Neural Network": {
            "mean": 93.43006852075776,
            "std": 0.3286881586114524,
            "min": 93.16807738814994,
            "max": 93.89359129383314
        }
    },
    "tstr": {
        "Logistic Regression": {
            "mean": 0.801,
            "std": 0.008031189202104532,
            "min": 0.7905,
            "max": 0.81
        },
        "Random Forest": {
            "mean": 0.7995000000000001,
            "std": 0.006377042156569669,
            "min": 0.7905,
            "max": 0.8045
        },
        "Neural Network": {
            "mean": 0.7726666666666665,
            "std": 0.0027182510717166726,
            "min": 0.7705,
            "max": 0.7765
        }
    }
}