{
    "exact_matches": {
        "mean": 0.0,
        "std": 0.0,
        "min": 0.0,
        "max": 0.0
    },
    "dcr_stats": {
        "mean": {
            "mean": 0.1207142894466718,
            "std": 0.0012457421443934468,
            "min": 0.1192857176065445,
            "max": 0.12232143431901932
        },
        "min": {
            "mean": 0.0,
            "std": 0.0,
            "min": 0.0,
            "max": 0.0
        },
        "max": {
            "mean": 0.3333333432674408,
            "std": 0.0336717494780809,
            "min": 0.2857142984867096,
            "max": 0.3571428656578064
        }
    },
    "exact_matches_percentage": {
        "mean": 0.0,
        "std": 0.0,
        "min": 0.0,
        "max": 0.0
    }
}