{
    "exact_matches": 0,
    "exact_matches_percentage": 0.0,
    "dcr_stats": {
        "mean": 0.12232143431901932,
        "min": 0.0,
        "max": 0.2857142984867096
    }
}