{
    "correlation_difference_norm": 0.7915085106103367,
    "pmse_score": 0.18197055998569228
}