{
    "correlation_difference_norm": 0.8420568469875249,
    "pmse_score": 0.18199483283047344
}