{
    "correlation_difference_norm": 0.7646152570964655,
    "pmse_score": 0.18219735381325985
}