Model,Train Data,Accuracy,F1 Score,AUC
Logistic Regression,Real,0.864,0.6263736263736264,0.9022235759975632
Random Forest,Real,0.854,0.6054054054054054,0.9015889938064778
XGBoost,Real,0.84,0.6116504854368932,0.8950908721697635
Logistic Regression,Synthetic,0.196,0.3277591973244147,0.604325312214438
Random Forest,Synthetic,0.196,0.3277591973244147,0.5230861001116864
XGBoost,Synthetic,0.198,0.32830820770519265,0.48347547974413646
