{
    "baseline": {
        "Logistic Regression": {
            "mean": 0.8515,
            "std": 0.0,
            "min": 0.8515,
            "max": 0.8515
        },
        "Random Forest": {
            "mean": 0.8450000000000001,
            "std": 1.1102230246251565e-16,
            "min": 0.845,
            "max": 0.845
        },
        "Neural Network": {
            "mean": 0.827,
            "std": 0.0,
            "min": 0.827,
            "max": 0.827
        }
    },
    "retention": {
        "Logistic Regression": {
            "mean": 92.40555881777254,
            "std": 0.9735627414715842,
            "min": 91.6030534351145,
            "max": 93.77568995889605
        },
        "Random Forest": {
            "mean": 92.05128205128204,
            "std": 0.62869339055263,
            "min": 91.30177514792899,
            "max": 92.84023668639053
        },
        "Neural Network": {
            "mean": 92.16041918581216,
            "std": 1.4386592742905815,
            "min": 90.50785973397825,
            "max": 94.01451027811366
        }
    },
    "tstr": {
        "Logistic Regression": {
            "mean": 0.7868333333333334,
            "std": 0.008289886743630574,
            "min": 0.78,
            "max": 0.7985
        },
        "Random Forest": {
            "mean": 0.7778333333333333,
            "std": 0.005312459150169747,
            "min": 0.7715,
            "max": 0.7845
        },
        "Neural Network": {
            "mean": 0.7621666666666665,
            "std": 0.011897712198383132,
            "min": 0.7485,
            "max": 0.7775
        }
    }
}