{
    "exact_matches": {
        "mean": 0.0,
        "std": 0.0,
        "min": 0.0,
        "max": 0.0
    },
    "dcr_stats": {
        "mean": {
            "mean": 0.13500000536441803,
            "std": 0.0043746915017930975,
            "min": 0.12883929908275604,
            "max": 0.13857144117355347
        },
        "min": {
            "mean": 0.0,
            "std": 0.0,
            "min": 0.0,
            "max": 0.0
        },
        "max": {
            "mean": 0.380952388048172,
            "std": 0.0336717494780809,
            "min": 0.3571428656578064,
            "max": 0.4285714328289032
        }
    },
    "exact_matches_percentage": {
        "mean": 0.0,
        "std": 0.0,
        "min": 0.0,
        "max": 0.0
    }
}