{
    "pmse_score": {
        "mean": 0.18445483541609273,
        "std": 0.0004786564433627462,
        "min": 0.18381830454577738,
        "max": 0.1849725734671923
    },
    "correlation_difference_norm": {
        "mean": 1.0093357719492737,
        "std": 0.054786950750245,
        "min": 0.9334413717256482,
        "max": 1.0607901912340607
    }
}