{
    "exact_matches": 0,
    "exact_matches_percentage": 0.0,
    "dcr_stats": {
        "mean": 0.13758927583694458,
        "min": 0.0,
        "max": 0.4285714328289032
    }
}