{
    "correlation_difference_norm": 1.0337757528881126,
    "pmse_score": 0.1849725734671923
}