{
    "correlation_difference_norm": 0.9334413717256482,
    "pmse_score": 0.18457362823530843
}