{
    "correlation_difference_norm": 1.0607901912340607,
    "pmse_score": 0.18381830454577738
}