{
    "pmse_score": {
        "mean": 0.2442836452242441,
        "std": 0.0010451254735806647,
        "min": 0.24320458183016155,
        "max": 0.24569790403699296
    },
     "correlation_difference_norm": {
        "mean": 1.8665755723052646,
        "std": 0.027772192528301765,
        "min": 1.8388033797769627,
        "max": 1.8943477648335663
    }
}