{
    "baseline": {
        "Logistic Regression": {
            "mean": 0.859,
            "std": 0.0,
            "min": 0.859,
            "max": 0.859
        },
        "Random Forest": {
            "mean": 0.8605,
            "std": 0.0,
            "min": 0.8605,
            "max": 0.8605
        },
        "Neural Network": {
            "mean": 0.8305000000000001,
            "std": 1.1102230246251565e-16,
            "min": 0.8305,
            "max": 0.8305
        }
    },
    "tstr": {
        "Logistic Regression": {
            "mean": 0.6095,
            "std": 0.23546655813512035,
            "min": 0.2765,
            "max": 0.776
        },
        "Random Forest": {
            "mean": 0.6041666666666666,
            "std": 0.2423022676098779,
            "min": 0.2615,
            "max": 0.776
        },
        "Neural Network": {
            "mean": 0.5926666666666667,
            "std": 0.25927248643506745,
            "min": 0.226,
            "max": 0.776
        }
    },
    "retention": {
        "Logistic Regression": {
            "mean": 70.9545983701979,
            "std": 27.4117064185239,
            "min": 32.18859138533178,
            "max": 90.33760186263096
        },
        "Random Forest": {
            "mean": 70.21111756730583,
            "std": 28.158311169073546,
            "min": 30.389308541545613,
            "max": 90.18012783265543
        },
        "Neural Network": {
            "mean": 71.36263295203692,
            "std": 31.21884243649216,
            "min": 27.21252257676099,
            "max": 93.43768813967489
        }
    }
}