{
    "exact_matches_percentage": {
        "mean": 0.0,
        "std": 0.0,
        "min": 0.0,
        "max": 0.0
    },
    "dcr_stats": {
        "mean": {
            "mean": 0.012145649331311384,
            "std": 0.0026514291773676872,
            "min": 0.008401832543313503,
            "max": 0.014199194498360157
        },
        "min": {
            "mean": 0.0013317031067951273,
            "std": 0.0007263483072079871,
            "min": 0.00043232060852460563,
            "max": 0.002211168874055147
        },
        "max": {
            "mean": 0.09322712322076161,
            "std": 0.009780974196321492,
            "min": 0.08031092584133148,
            "max": 0.1039724200963974
        }
    },
    "exact_matches": {
        "mean": 0.0,
        "std": 0.0,
        "min": 0.0,
        "max": 0.0
    }
}