{
    "exact_matches": 0,
    "exact_matches_percentage": 0.0,
    "dcr_stats": {
        "mean": 0.014199194498360157,
        "min": 0.002211168874055147,
        "max": 0.09539802372455597
    }
}