{
    "exact_matches": 0,
    "exact_matches_percentage": 0.0,
    "dcr_stats": {
        "mean": 0.013835920952260494,
        "min": 0.0013516198378056288,
        "max": 0.1039724200963974
    }
}