{
    "exact_matches": 0,
    "exact_matches_percentage": 0.0,
    "dcr_stats": {
        "mean": 0.008401832543313503,
        "min": 0.00043232060852460563,
        "max": 0.08031092584133148
    }
}