{
    "pmse_score": {
        "mean": 0.21462928388062816,
        "std": 0.0033955492578826812,
        "min": 0.21004457169056162,
        "max": 0.21815854851906832
    },
    "correlation_difference_norm": {
        "mean": 4.600993645476321,
        "std": 0.04704789062631345,
        "min": 4.544350751564782,
        "max": 4.65954658173667
    }
}