{
    "retention": {
        "Logistic Regression": {
            "mean": 65.996765996766,
            "std": 4.192638283517187,
            "min": 60.15246015246015,
            "max": 69.78516978516977
        },
        "Random Forest": {
            "mean": 61.92251916304124,
            "std": 0.6622899259641895,
            "min": 61.2802983219391,
            "max": 62.83405842137974
        },
        "Neural Network": {
            "mean": 55.78494623655914,
            "std": 3.8513241127782543,
            "min": 51.22580645161291,
            "max": 60.64516129032258
        }
    },
    "tstr": {
        "Logistic Regression": {
            "mean": 0.4761666666666667,
            "std": 0.030249885215576512,
            "min": 0.434,
            "max": 0.5035
        },
        "Random Forest": {
            "mean": 0.49816666666666665,
            "std": 0.0053281224543819065,
            "min": 0.493,
            "max": 0.5055
        },
        "Neural Network": {
            "mean": 0.4323333333333333,
            "std": 0.02984776187403149,
            "min": 0.397,
            "max": 0.47
        }
    },
    "baseline": {
        "Logistic Regression": {
            "mean": 0.7215000000000001,
            "std": 1.1102230246251565e-16,
            "min": 0.7215,
            "max": 0.7215
        },
        "Random Forest": {
            "mean": 0.8045,
            "std": 0.0,
            "min": 0.8045,
            "max": 0.8045
        },
        "Neural Network": {
            "mean": 0.775,
            "std": 0.0,
            "min": 0.775,
            "max": 0.775
        }
    }
}