{
    "exact_matches": {
        "mean": 0.0,
        "std": 0.0,
        "min": 0.0,
        "max": 0.0
    },
    "exact_matches_percentage": {
        "mean": 0.0,
        "std": 0.0,
        "min": 0.0,
        "max": 0.0
    },
    "dcr_stats": {
        "mean": {
            "mean": 0.09787878890832265,
            "std": 0.004129297349595635,
            "min": 0.09286363422870636,
            "max": 0.10297727584838867
        },
        "min": {
            "mean": 0.0181818176060915,
            "std": 0.0,
            "min": 0.0181818176060915,
            "max": 0.0181818176060915
        },
        "max": {
            "mean": 0.2424242397149404,
            "std": 0.008570990137650163,
            "min": 0.23636363446712494,
            "max": 0.2545454502105713
        }
    }
}