{
    "exact_matches": 0,
    "exact_matches_percentage": 0.0,
    "dcr_stats": {
        "mean": 0.09286363422870636,
        "min": 0.0181818176060915,
        "max": 0.23636363446712494
    }
}