{
    "exact_matches": 0,
    "exact_matches_percentage": 0.0,
    "dcr_stats": {
        "mean": 0.09779545664787292,
        "min": 0.0181818176060915,
        "max": 0.2545454502105713
    }
}