{
    "correlation_difference_norm": 4.65954658173667,
    "pmse_score": 0.21004457169056162
}