{
    "correlation_difference_norm": 4.599083603127512,
    "pmse_score": 0.21815854851906832
}