{
    "correlation_difference_norm": 4.544350751564782,
    "pmse_score": 0.21568473143225447
}