Model,Train Data,Accuracy,F1 Score,AUC
Logistic Regression,Real,0.852,0.5747126436781609,0.8781221443801401
Random Forest,Real,0.834,0.5699481865284974,0.8520281246827089
XGBoost,Real,0.84,0.574468085106383,0.8713955731546349
Logistic Regression,Synthetic,0.446,0.3912087912087912,0.7228779571530104
Random Forest,Synthetic,0.456,0.39285714285714285,0.7416362067214946
XGBoost,Synthetic,0.47,0.4018058690744921,0.7557239313635901
