{
    "exact_matches": {
        "mean": 0.0,
        "std": 0.0,
        "min": 0.0,
        "max": 0.0
    },
    "dcr_stats": {
        "mean": {
            "mean": 0.1399107277393341,
            "std": 0.004419414672977797,
            "min": 0.13410715758800507,
            "max": 0.144821435213089
        },
        "min": {
            "mean": 0.0,
            "std": 0.0,
            "min": 0.0,
            "max": 0.0
        },
        "max": {
            "mean": 0.3571428656578064,
            "std": 0.0,
            "min": 0.3571428656578064,
            "max": 0.3571428656578064
        }
    },
    "exact_matches_percentage": {
        "mean": 0.0,
        "std": 0.0,
        "min": 0.0,
        "max": 0.0
    }
}