{
    "pmse_score": {
        "mean": 0.18688695196919028,
        "std": 0.0007615665432650656,
        "min": 0.18583103022456088,
        "max": 0.18759861736416333
    },
    "correlation_difference_norm": {
        "mean": 1.0090677853835797,
        "std": 0.03162535519533757,
        "min": 0.9643646830438505,
        "max": 1.0326314082302335
    }
}