{
    "baseline": {
        "Logistic Regression": {
            "mean": 0.8515,
            "std": 0.0,
            "min": 0.8515,
            "max": 0.8515
        },
        "Random Forest": {
            "mean": 0.8450000000000001,
            "std": 1.1102230246251565e-16,
            "min": 0.845,
            "max": 0.845
        },
        "Neural Network": {
            "mean": 0.827,
            "std": 0.0,
            "min": 0.827,
            "max": 0.827
        }
    },
    "retention": {
        "Logistic Regression": {
            "mean": 91.97494617341944,
            "std": 0.6986325424769921,
            "min": 91.07457428068115,
            "max": 92.77745155607751
        },
        "Random Forest": {
            "mean": 93.13609467455622,
            "std": 1.267248789286708,
            "min": 91.47928994082841,
            "max": 94.55621301775149
        },
        "Neural Network": {
            "mean": 92.01934703748488,
            "std": 0.7836445826369824,
            "min": 91.29383313180169,
            "max": 93.10761789600967
        }
    },
    "tstr": {
        "Logistic Regression": {
            "mean": 0.7831666666666667,
            "std": 0.005948856099191612,
            "min": 0.7755,
            "max": 0.79
        },
        "Random Forest": {
            "mean": 0.787,
            "std": 0.010708252269472683,
            "min": 0.773,
            "max": 0.799
        },
        "Neural Network": {
            "mean": 0.761,
            "std": 0.006480740698407866,
            "min": 0.755,
            "max": 0.77
        }
    }
}