{
    "exact_matches": 0,
    "exact_matches_percentage": 0.0,
    "dcr_stats": {
        "mean": 0.14080359041690826,
        "min": 0.0,
        "max": 0.3571428656578064
    }
}