{
    "correlation_difference_norm": 1.0326314082302335,
    "pmse_score": 0.18759861736416333
}