{
    "correlation_difference_norm": 0.9643646830438505,
    "pmse_score": 0.18723120831884668
}