{
    "correlation_difference_norm": 1.030207264876655,
    "pmse_score": 0.18583103022456088
}