Model,Train Data,Accuracy,F1 Score,AUC
Logistic Regression,Real,0.852,0.5747126436781609,0.8781221443801401
Random Forest,Real,0.834,0.5699481865284974,0.8520281246827089
XGBoost,Real,0.84,0.574468085106383,0.8713955731546349
Logistic Regression,Synthetic,0.752,0.3404255319148936,0.7485531526043253
Random Forest,Synthetic,0.788,0.273972602739726,0.7218118590719871
XGBoost,Synthetic,0.74,0.32989690721649484,0.7356330591938267
