attack_accuracy,attack_auc,mean_distance_train,min_distance_train,max_distance_train
0.672,0.629806,2.6827694185306474,1.4142135623730951,3.4641016151377544
