{
    "correlation_difference_norm": {
        "mean": 1.8797773059838128,
        "std": 0.08041537544843025,
        "min": 1.7993619305353825,
        "max": 1.960192681432243
    },
    "pmse_score": {
        "mean": 0.24767683425680967,
        "std": 0.0007302091769790797,
        "min": 0.2469466250798306,
        "max": 0.24840704343378875
    }
}