{
    "exact_matches_percentage": {
        "mean": 0.0,
        "std": 0.0,
        "min": 0.0,
        "max": 0.0
    },
    "exact_matches": {
        "mean": 0.0,
        "std": 0.0,
        "min": 0.0,
        "max": 0.0
    },
    "dcr_stats": {
        "mean": {
            "mean": 0.060739646665751934,
            "std": 0.03437304962426424,
            "min": 0.026366597041487694,
            "max": 0.09511269629001617
        },
        "min": {
            "mean": 0.007273725001141429,
            "std": 0.002295608865097165,
            "min": 0.004978116136044264,
            "max": 0.009569333866238594
        },
        "max": {
            "mean": 0.14489450305700302,
            "std": 0.0511128231883049,
            "min": 0.09378167986869812,
            "max": 0.19600732624530792
        }
    }
}