{
    "exact_matches": 0,
    "exact_matches_percentage": 0.0,
    "dcr_stats": {
        "mean": 0.09511269629001617,
        "min": 0.009569333866238594,
        "max": 0.19600732624530792
    }
}