{
    "exact_matches": 0,
    "exact_matches_percentage": 0.0,
    "dcr_stats": {
        "mean": 0.026366597041487694,
        "min": 0.004978116136044264,
        "max": 0.09378167986869812
    }
}