{
    "exact_matches": 0,
    "exact_matches_percentage": 0.0,
    "dcr_stats": {
        "mean": 0.047979000955820084,
        "min": 0.005369364749640226,
        "max": 0.1769234538078308
    }
}