mean_distance_train,min_distance_train,max_distance_train
4.17286634206058,3.4641016151377544,4.69041575982343
