Model,Train Data,Accuracy,F1 Score,AUC
Logistic Regression,Real,0.864,0.6263736263736264,0.9022235759975632
Random Forest,Real,0.854,0.6054054054054054,0.9015889938064778
XGBoost,Real,0.84,0.6116504854368932,0.8950908721697635
Logistic Regression,Synthetic,0.246,0.3327433628318584,0.6190476190476191
Random Forest,Synthetic,0.204,0.32996632996632996,0.6810589907604833
XGBoost,Synthetic,0.194,0.3249581239530988,0.5516930652858159
