attack_accuracy,attack_auc,mean_distance_train,min_distance_train,max_distance_train
0.6666666666666666,0.5117560000000001,4.17286634206058,3.4641016151377544,4.69041575982343
