Model,Train Data,Accuracy,F1 Score,AUC
Logistic Regression,Real,0.852,0.5747126436781609,0.8781221443801401
Random Forest,Real,0.834,0.5699481865284974,0.8520281246827089
XGBoost,Real,0.84,0.574468085106383,0.8713955731546349
Logistic Regression,Synthetic,0.754,0.4533333333333333,0.7655980302568788
Random Forest,Synthetic,0.746,0.4253393665158371,0.7709158290181743
XGBoost,Synthetic,0.75,0.48132780082987553,0.779444613666362
