attack_accuracy,attack_auc,mean_distance_train,min_distance_train,max_distance_train
0.6793333333333333,0.6176889999999999,2.4089014845847996,0.0,3.4641016151377544
