Model,Train Data,Accuracy,F1 Score,AUC
Logistic Regression,Real,0.852,0.5747126436781609,0.8781221443801401
Random Forest,Real,0.834,0.5699481865284974,0.8520281246827089
XGBoost,Real,0.84,0.574468085106383,0.8713955731546349
Logistic Regression,Synthetic,0.518,0.23003194888178913,0.5120951365620876
Random Forest,Synthetic,0.592,0.25,0.5491547365214743
XGBoost,Synthetic,0.534,0.26031746031746034,0.5532541374758859
