{
    "exact_matches_percentage": {
        "mean": 0.0,
        "std": 0.0,
        "min": 0.0,
        "max": 0.0
    },
    "dcr_stats": {
        "mean": {
            "mean": 0.036831777542829514,
            "std": 0.01797960012986227,
            "min": 0.017780020833015442,
            "max": 0.060940932482481
        },
        "min": {
            "mean": 0.0007481504483924558,
            "std": 0.00023377110998192547,
            "min": 0.00043575841118581593,
            "max": 0.0009980577742680907
        },
        "max": {
            "mean": 0.1552704224983851,
            "std": 0.004787303913865407,
            "min": 0.14916950464248657,
            "max": 0.16086283326148987
        }
    },
    "exact_matches": {
        "mean": 0.0,
        "std": 0.0,
        "min": 0.0,
        "max": 0.0
    }
}