{
    "pmse_score": {
        "mean": 0.24206110983289805,
        "std": 0.0013446913515768608,
        "min": 0.2408265249051666,
        "max": 0.24393105639453863
    },
    "correlation_difference_norm": {
        "mean": 1.8596132735564392,
        "std": 0.055695096502828556,
        "min": 1.8039181770536106,
        "max": 1.9153083700592677
    }
}