{
    "baseline": {
        "Logistic Regression": {
            "mean": 0.859,
            "std": 0.0,
            "min": 0.859,
            "max": 0.859
        },
        "Random Forest": {
            "mean": 0.8605,
            "std": 0.0,
            "min": 0.8605,
            "max": 0.8605
        },
        "Neural Network": {
            "mean": 0.8305000000000001,
            "std": 1.1102230246251565e-16,
            "min": 0.8305,
            "max": 0.8305
        }
    },
    "tstr": {
        "Logistic Regression": {
            "mean": 0.6613333333333333,
            "std": 0.1621631551521149,
            "min": 0.432,
            "max": 0.776
        },
        "Random Forest": {
            "mean": 0.6945,
            "std": 0.11244183681649224,
            "min": 0.5355,
            "max": 0.776
        },
        "Neural Network": {
            "mean": 0.6733333333333333,
            "std": 0.12834934964991274,
            "min": 0.492,
            "max": 0.771
        }
    },
    "retention": {
        "Logistic Regression": {
            "mean": 76.98874660457896,
            "std": 18.878132148092533,
            "min": 50.291036088474975,
            "max": 90.33760186263096
        },
        "Random Forest": {
            "mean": 80.70889018012782,
            "std": 13.06703507454878,
            "min": 62.23126089482858,
            "max": 90.18012783265543
        },
        "Neural Network": {
            "mean": 81.07565723459764,
            "std": 15.454467146286909,
            "min": 59.2414208308248,
            "max": 92.83564118001205
        }
    }
}