{
    "exact_matches": 0,
    "exact_matches_percentage": 0.0,
    "dcr_stats": {
        "mean": 0.017780020833015442,
        "min": 0.00043575841118581593,
        "max": 0.16086283326148987
    }
}