{
    "exact_matches": 0,
    "exact_matches_percentage": 0.0,
    "dcr_stats": {
        "mean": 0.060940932482481,
        "min": 0.0008106351597234607,
        "max": 0.1557789295911789
    }
}