{
    "exact_matches": 0,
    "exact_matches_percentage": 0.0,
    "dcr_stats": {
        "mean": 0.031774379312992096,
        "min": 0.0009980577742680907,
        "max": 0.14916950464248657
    }
}