Model,Train Data,Accuracy,F1 Score,AUC
Logistic Regression,Real,0.852,0.5747126436781609,0.8781221443801401
Random Forest,Real,0.834,0.5699481865284974,0.8520281246827089
XGBoost,Real,0.84,0.574468085106383,0.8713955731546349
Logistic Regression,Synthetic,0.554,0.32628398791540786,0.5937277896233121
Random Forest,Synthetic,0.63,0.4307692307692308,0.700477205807696
XGBoost,Synthetic,0.514,0.352,0.6300258909533963
