attack_accuracy,attack_auc,mean_distance_train,min_distance_train,max_distance_train
0.6686666666666666,0.6066549999999999,2.9367308073262066,1.4142135623730951,3.7416573867739413
