{
    "correlation_difference_norm": {
        "mean": 5.308165600424466,
        "std": 0.14377012217879528,
        "min": 5.110235813178732,
        "max": 5.447412270790698
    },
    "pmse_score": {
        "mean": 0.24770076483151848,
        "std": 0.000717794689305265,
        "min": 0.24715130141755062,
        "max": 0.24871469292074827
    }
}