{
    "exact_matches": {
        "mean": 0.0,
        "std": 0.0,
        "min": 0.0,
        "max": 0.0
    },
    "exact_matches_percentage": {
        "mean": 0.0,
        "std": 0.0,
        "min": 0.0,
        "max": 0.0
    },
    "dcr_stats": {
        "mean": {
            "mean": 0.8340245087941488,
            "std": 0.0027943894995473037,
            "min": 0.83091139793396,
            "max": 0.837689220905304
        },
        "min": {
            "mean": 0.8235880136489868,
            "std": 0.0021477341351409268,
            "min": 0.8219658732414246,
            "max": 0.8266229629516602
        },
        "max": {
            "mean": 0.8512101968129476,
            "std": 0.0059740752716670245,
            "min": 0.8445249199867249,
            "max": 0.8590266108512878
        }
    }
}