{
    "baseline": {
        "Logistic Regression": {
            "mean": 0.7215000000000001,
            "std": 1.1102230246251565e-16,
            "min": 0.7215,
            "max": 0.7215
        },
        "Random Forest": {
            "mean": 0.8045,
            "std": 0.0,
            "min": 0.8045,
            "max": 0.8045
        },
        "Neural Network": {
            "mean": 0.775,
            "std": 0.0,
            "min": 0.775,
            "max": 0.775
        }
    },
    "tstr": {
        "Logistic Regression": {
            "mean": 0.42316666666666664,
            "std": 0.0855154307063286,
            "min": 0.3025,
            "max": 0.4905
        },
        "Random Forest": {
            "mean": 0.42416666666666664,
            "std": 0.05729504535491898,
            "min": 0.357,
            "max": 0.497
        },
        "Neural Network": {
            "mean": 0.42416666666666664,
            "std": 0.042669921750833124,
            "min": 0.3725,
            "max": 0.477
        }
    },
    "retention": {
        "Logistic Regression": {
            "mean": 58.65095865095865,
            "std": 11.852450548347692,
            "min": 41.92654192654192,
            "max": 67.98336798336798
        },
        "Random Forest": {
            "mean": 52.72425937435259,
            "std": 7.12182042944922,
            "min": 44.37538844002486,
            "max": 61.777501553760096
        },
        "Neural Network": {
            "mean": 54.73118279569892,
            "std": 5.50579635494621,
            "min": 48.064516129032256,
            "max": 61.54838709677419
        }
    }
}