{
    "exact_matches": 0,
    "exact_matches_percentage": 0.0,
    "dcr_stats": {
        "mean": 0.837689220905304,
        "min": 0.8266229629516602,
        "max": 0.8590266108512878
    }
}