{
    "exact_matches": 0,
    "exact_matches_percentage": 0.0,
    "dcr_stats": {
        "mean": 0.83091139793396,
        "min": 0.8221752047538757,
        "max": 0.8445249199867249
    }
}