{
    "exact_matches": 0,
    "exact_matches_percentage": 0.0,
    "dcr_stats": {
        "mean": 0.8334729075431824,
        "min": 0.8219658732414246,
        "max": 0.8500790596008301
    }
}