{
    "correlation_difference_norm": 5.447412270790698,
    "pmse_score": 0.24715130141755062
}