{
    "correlation_difference_norm": 5.366848717303969,
    "pmse_score": 0.24723630015625658
}