{
    "correlation_difference_norm": 5.110235813178732,
    "pmse_score": 0.24871469292074827
}